
-- Cliente

REPLACE INTO customers (id, stateRegistry, cnpj, companyName, fantasyName, email, inactive) VALUES
(1, '000000000', '00000000000000', 'A Test Customer Company', 'A Test Customer', 'test@test.com.br', false);

-- Perfis de Cliente

REPLACE INTO customer_profiles (id, name, assignmentLevel) VALUES
(1, 'Administrador', 99);

-- Perfis TERCOM

REPLACE INTO tercom_profiles (id, name, assignmentLevel) VALUES
(1, 'Administrador', 99);

-- Tipos de Produtos

REPLACE INTO product_types (id, name) VALUES
(1, 'Tipo de Produto 1'),
(2, 'Tipo de Produto 2'),
(3, 'Tipo de Produto 3'),
(4, 'Tipo de Produto 4'),
(5, 'Tipo de Produto 5'),
(6, 'Tipo de Produto 6'),
(7, 'Tipo de Produto 7'),
(8, 'Tipo de Produto 8'),
(9, 'Tipo de Produto 9');

-- Categorias de Produto

REPLACE INTO product_categories (id, name) VALUES
( 1, 'Família 1'),
( 2, 'Família 2'),
( 3, 'Grupo 1.1'),
( 4, 'Grupo 1.2'),
( 5, 'Grupo 2.1'),
( 6, 'Grupo 2.2'),
( 7, 'Subgrupo 1.1.1'),
( 8, 'Subgrupo 1.1.2'),
( 9, 'Subgrupo 1.2.1'),
(10, 'Subgrupo 1.2.2'),
(11, 'Subgrupo 2.1.1'),
(12, 'Subgrupo 2.1.2'),
(13, 'Subgrupo 2.2.1'),
(14, 'Subgrupo 2.2.2'),
(15, 'Setor 1.1.1.1'),
(16, 'Setor 1.1.1.2'),
(17, 'Setor 1.1.2.1'),
(18, 'Setor 1.1.2.2'),
(19, 'Setor 1.2.1.1'),
(20, 'Setor 1.2.1.2'),
(21, 'Setor 1.2.2.1'),
(22, 'Setor 1.2.2.2'),
(23, 'Setor 2.1.1.1'),
(24, 'Setor 2.1.1.2'),
(25, 'Setor 2.1.2.1'),
(26, 'Setor 2.1.2.2'),
(27, 'Setor 2.2.1.1'),
(28, 'Setor 2.2.1.2'),
(29, 'Setor 2.2.2.1'),
(30, 'Setor 2.2.2.2');

-- Relação das Categorias de Produto

REPLACE INTO product_category_relationships (idCategoryParent, idCategory, idCategoryType) VALUES
( 1,  3, 2),
( 1,  4, 2),
( 2,  5, 2),
( 2,  6, 2),
( 3,  7, 3),
( 3,  8, 3),
( 4,  9, 3),
( 4, 10, 3),
( 5, 11, 3),
( 5, 12, 3),
( 6, 13, 3),
( 6, 14, 3),
( 7, 15, 4),
( 7, 16, 4),
( 8, 17, 4),
( 8, 18, 4),
( 9, 19, 4),
( 9, 20, 4),
(10, 21, 4),
(10, 22, 4),
(11, 23, 4),
(11, 24, 4),
(12, 25, 4),
(12, 26, 4),
(13, 27, 4),
(13, 28, 4),
(14, 29, 4),
(14, 30, 4);

-- Pacotes de Produto

REPLACE INTO product_packages (id, name) VALUES
(1, 'Embalagem de Produto 1'),
(2, 'Embalagem de Produto 2'),
(3, 'Embalagem de Produto 3'),
(4, 'Embalagem de Produto 4'),
(5, 'Embalagem de Produto 5'),
(6, 'Embalagem de Produto 6'),
(7, 'Embalagem de Produto 7'),
(8, 'Embalagem de Produto 8'),
(9, 'Embalagem de Produto 9');

-- Embalagens de Produto

REPLACE INTO product_units (id, name, shortName) VALUES
(1, 'Unidade de Produto 1', 'AB'),
(2, 'Unidade de Produto 2', 'CD'),
(3, 'Unidade de Produto 3', 'EF'),
(4, 'Unidade de Produto 4', 'GH'),
(5, 'Unidade de Produto 5', 'IJ'),
(6, 'Unidade de Produto 6', 'KL'),
(7, 'Unidade de Produto 7', 'MN'),
(8, 'Unidade de Produto 8', 'OP'),
(9, 'Unidade de Produto 9', 'RS');

-- Produtos

REPLACE INTO products (id, name, description, utility, inactive, idProductUnit, idProductCategory) VALUES
( 1, 'Nome do Produto  1', 'Descrição do Produto  1', 'Utilidade do Produto  1', 1, true,  1),
( 2, 'Nome do Produto  2', 'Descrição do Produto  2', 'Utilidade do Produto  2', 2, true,  2),
( 3, 'Nome do Produto  3', 'Descrição do Produto  3', 'Utilidade do Produto  3', 3, true,  3),
( 4, 'Nome do Produto  4', 'Descrição do Produto  4', 'Utilidade do Produto  4', 4, true,  4),
( 5, 'Nome do Produto  5', 'Descrição do Produto  5', 'Utilidade do Produto  5', 5, true,  5),
( 6, 'Nome do Produto  6', 'Descrição do Produto  6', 'Utilidade do Produto  6', 6, true,  6),
( 7, 'Nome do Produto  7', 'Descrição do Produto  7', 'Utilidade do Produto  7', 7, true,  7),
( 8, 'Nome do Produto  8', 'Descrição do Produto  8', 'Utilidade do Produto  8', 8, true,  8),
( 9, 'Nome do Produto  9', 'Descrição do Produto  9', 'Utilidade do Produto  9', 9, true,  9),
(10, 'Nome do Produto 10', 'Descrição do Produto 10', 'Utilidade do Produto 10', 1, true, 10),
(11, 'Nome do Produto 11', 'Descrição do Produto 11', 'Utilidade do Produto 11', 2, true, 11),
(12, 'Nome do Produto 12', 'Descrição do Produto 12', 'Utilidade do Produto 12', 3, true, 12),
(13, 'Nome do Produto 13', 'Descrição do Produto 13', 'Utilidade do Produto 13', 4, true, 13),
(14, 'Nome do Produto 14', 'Descrição do Produto 14', 'Utilidade do Produto 14', 5, true, 14),
(15, 'Nome do Produto 15', 'Descrição do Produto 15', 'Utilidade do Produto 15', 6, true, 15),
(16, 'Nome do Produto 16', 'Descrição do Produto 16', 'Utilidade do Produto 16', 7, true, 16),
(17, 'Nome do Produto 17', 'Descrição do Produto 17', 'Utilidade do Produto 17', 8, true, 17),
(18, 'Nome do Produto 18', 'Descrição do Produto 18', 'Utilidade do Produto 18', 9, true, 18),
(19, 'Nome do Produto 19', 'Descrição do Produto 19', 'Utilidade do Produto 19', 1, true, 19),
(20, 'Nome do Produto 20', 'Descrição do Produto 20', 'Utilidade do Produto 20', 2, true, 20),
(21, 'Nome do Produto 21', 'Descrição do Produto 21', 'Utilidade do Produto 21', 3, true, 21),
(22, 'Nome do Produto 22', 'Descrição do Produto 22', 'Utilidade do Produto 22', 4, true, 22),
(23, 'Nome do Produto 23', 'Descrição do Produto 23', 'Utilidade do Produto 23', 5, true, 23),
(24, 'Nome do Produto 24', 'Descrição do Produto 24', 'Utilidade do Produto 24', 6, true, 24),
(25, 'Nome do Produto 25', 'Descrição do Produto 25', 'Utilidade do Produto 25', 7, true, 25),
(26, 'Nome do Produto 26', 'Descrição do Produto 26', 'Utilidade do Produto 26', 8, true, 26),
(27, 'Nome do Produto 27', 'Descrição do Produto 27', 'Utilidade do Produto 27', 9, true, 27),
(28, 'Nome do Produto 28', 'Descrição do Produto 28', 'Utilidade do Produto 28', 1, true, 28),
(29, 'Nome do Produto 29', 'Descrição do Produto 29', 'Utilidade do Produto 29', 2, true, 29),
(30, 'Nome do Produto 30', 'Descrição do Produto 30', 'Utilidade do Produto 30', 3, true, 30),
(31, 'Nome do Produto 31', 'Descrição do Produto 31', 'Utilidade do Produto 31', 4, true,  1),
(32, 'Nome do Produto 32', 'Descrição do Produto 32', 'Utilidade do Produto 32', 5, true,  2),
(33, 'Nome do Produto 33', 'Descrição do Produto 33', 'Utilidade do Produto 33', 6, true,  3),
(34, 'Nome do Produto 34', 'Descrição do Produto 34', 'Utilidade do Produto 34', 7, true,  4),
(35, 'Nome do Produto 35', 'Descrição do Produto 35', 'Utilidade do Produto 35', 8, true,  5),
(36, 'Nome do Produto 36', 'Descrição do Produto 36', 'Utilidade do Produto 36', 9, true,  6),
(37, 'Nome do Produto 37', 'Descrição do Produto 37', 'Utilidade do Produto 37', 1, true,  7),
(38, 'Nome do Produto 38', 'Descrição do Produto 38', 'Utilidade do Produto 38', 2, true,  8),
(39, 'Nome do Produto 39', 'Descrição do Produto 39', 'Utilidade do Produto 39', 3, true,  9),
(40, 'Nome do Produto 40', 'Descrição do Produto 40', 'Utilidade do Produto 40', 4, true, 10),
(41, 'Nome do Produto 41', 'Descrição do Produto 41', 'Utilidade do Produto 41', 5, true, 11),
(42, 'Nome do Produto 42', 'Descrição do Produto 42', 'Utilidade do Produto 42', 6, true, 12),
(43, 'Nome do Produto 43', 'Descrição do Produto 43', 'Utilidade do Produto 43', 7, true, 13),
(44, 'Nome do Produto 44', 'Descrição do Produto 44', 'Utilidade do Produto 44', 8, true, 14),
(45, 'Nome do Produto 45', 'Descrição do Produto 45', 'Utilidade do Produto 45', 9, true, 15),
(46, 'Nome do Produto 46', 'Descrição do Produto 46', 'Utilidade do Produto 46', 1, true, 16),
(47, 'Nome do Produto 47', 'Descrição do Produto 47', 'Utilidade do Produto 47', 2, true, 17),
(48, 'Nome do Produto 48', 'Descrição do Produto 48', 'Utilidade do Produto 48', 3, true, 18),
(49, 'Nome do Produto 49', 'Descrição do Produto 49', 'Utilidade do Produto 49', 4, true, 19),
(50, 'Nome do Produto 50', 'Descrição do Produto 50', 'Utilidade do Produto 50', 5, true, 20),
(51, 'Nome do Produto 51', 'Descrição do Produto 51', 'Utilidade do Produto 51', 6, true, 21),
(52, 'Nome do Produto 52', 'Descrição do Produto 52', 'Utilidade do Produto 52', 7, true, 22),
(53, 'Nome do Produto 53', 'Descrição do Produto 53', 'Utilidade do Produto 53', 8, true, 23),
(54, 'Nome do Produto 54', 'Descrição do Produto 54', 'Utilidade do Produto 54', 9, true, 24),
(55, 'Nome do Produto 55', 'Descrição do Produto 55', 'Utilidade do Produto 55', 1, true, 25),
(56, 'Nome do Produto 56', 'Descrição do Produto 56', 'Utilidade do Produto 56', 2, true, 26),
(57, 'Nome do Produto 57', 'Descrição do Produto 57', 'Utilidade do Produto 57', 3, true, 27),
(58, 'Nome do Produto 58', 'Descrição do Produto 58', 'Utilidade do Produto 58', 4, true, 28),
(59, 'Nome do Produto 59', 'Descrição do Produto 59', 'Utilidade do Produto 59', 5, true, 29),
(60, 'Nome do Produto 60', 'Descrição do Produto 60', 'Utilidade do Produto 60', 6, true, 30),
(61, 'Nome do Produto 61', 'Descrição do Produto 61', 'Utilidade do Produto 61', 7, false,  1),
(62, 'Nome do Produto 62', 'Descrição do Produto 62', 'Utilidade do Produto 62', 8, false,  2),
(63, 'Nome do Produto 63', 'Descrição do Produto 63', 'Utilidade do Produto 63', 9, false,  3),
(64, 'Nome do Produto 64', 'Descrição do Produto 64', 'Utilidade do Produto 64', 1, false,  4),
(65, 'Nome do Produto 65', 'Descrição do Produto 65', 'Utilidade do Produto 65', 2, false,  5),
(66, 'Nome do Produto 66', 'Descrição do Produto 66', 'Utilidade do Produto 66', 3, false,  6),
(67, 'Nome do Produto 67', 'Descrição do Produto 67', 'Utilidade do Produto 67', 4, false,  7),
(68, 'Nome do Produto 68', 'Descrição do Produto 68', 'Utilidade do Produto 68', 5, false,  8),
(69, 'Nome do Produto 69', 'Descrição do Produto 69', 'Utilidade do Produto 69', 6, false,  9),
(70, 'Nome do Produto 70', 'Descrição do Produto 70', 'Utilidade do Produto 70', 7, false, 10),
(71, 'Nome do Produto 71', 'Descrição do Produto 71', 'Utilidade do Produto 71', 8, false, 11),
(72, 'Nome do Produto 72', 'Descrição do Produto 72', 'Utilidade do Produto 72', 9, false, 12),
(73, 'Nome do Produto 73', 'Descrição do Produto 73', 'Utilidade do Produto 73', 1, false, 13),
(74, 'Nome do Produto 74', 'Descrição do Produto 74', 'Utilidade do Produto 74', 2, false, 14),
(75, 'Nome do Produto 75', 'Descrição do Produto 75', 'Utilidade do Produto 75', 3, false, 15),
(76, 'Nome do Produto 76', 'Descrição do Produto 76', 'Utilidade do Produto 76', 4, false, 16),
(77, 'Nome do Produto 77', 'Descrição do Produto 77', 'Utilidade do Produto 77', 5, false, 17),
(78, 'Nome do Produto 78', 'Descrição do Produto 78', 'Utilidade do Produto 78', 6, false, 18),
(79, 'Nome do Produto 79', 'Descrição do Produto 79', 'Utilidade do Produto 79', 7, false, 19),
(80, 'Nome do Produto 80', 'Descrição do Produto 80', 'Utilidade do Produto 80', 8, false, 20);

-- Preços de Produto

REPLACE INTO product_prices (id, idProduct, idProvider, idManufacturer, idProductPackage, idProductType, name, amount, price, lastUpdate) VALUES
(  1, 1,  1,   1,  1,  1, 'Nome do Preço de Produto   1',   1, 897.05, '2019-01-11 23:38:17'),
(  2, 1,  1,   2,  1,  1, 'Nome do Preço de Produto   2',   1, 282.62, '2019-01-11 23:38:17'),
(  3, 1,  1,   3,  1,  1, 'Nome do Preço de Produto   3',   1, 803.45, '2019-01-11 23:38:17'),
(  4, 1,  1,   4,  1,  1, 'Nome do Preço de Produto   4',   1, 834.30, '2019-01-11 23:38:17'),
(  5, 1,  1,   5,  1,  1, 'Nome do Preço de Produto   5',   1, 753.03, '2019-01-11 23:38:17'),
(  6, 2,  2,   6,  1,  1, 'Nome do Preço de Produto   6',   1, 720.20, '2019-01-11 23:38:17'),
(  7, 2,  2,   7,  1,  1, 'Nome do Preço de Produto   7',   3, 794.21, '2019-01-11 23:38:17'),
(  8, 2,  2,   8,  1,  1, 'Nome do Preço de Produto   8',   3, 507.30, '2019-01-11 23:38:17'),
(  9, 2,  2,   9,  1,  1, 'Nome do Preço de Produto   9',   3, 544.63, '2019-01-11 23:38:17'),
( 10, 2,  2,  10,  2,  2, 'Nome do Preço de Produto  10',   2, 667.41, '2019-01-11 23:38:17'),
( 11, 3,  3,  11,  2,  2, 'Nome do Preço de Produto  11',   1, 242.17, '2019-01-11 23:38:17'),
( 12, 3,  3,  12,  2,  2, 'Nome do Preço de Produto  12',   1, 613.97, '2019-01-11 23:38:17'),
( 13, 3,  3,  13,  2,  2, 'Nome do Preço de Produto  13',   6, 489.26, '2019-01-11 23:38:17'),
( 14, 3,  3,  14,  2,  2, 'Nome do Preço de Produto  14',   6, 506.63, '2019-01-11 23:38:17'),
( 15, 3,  3,  15,  2,  2, 'Nome do Preço de Produto  15',   6, 628.67, '2019-01-11 23:38:17'),
( 16, 4,  4,  16,  2,  2, 'Nome do Preço de Produto  16',   6, 459.80, '2019-01-11 23:38:17'),
( 17, 4,  4,  17,  2,  2, 'Nome do Preço de Produto  17',   6, 514.95, '2019-01-11 23:38:17'),
( 18, 4,  4,  18,  2,  2, 'Nome do Preço de Produto  18',   6, 751.65, '2019-01-11 23:38:17'),
( 19, 4,  4,  19,  3,  3, 'Nome do Preço de Produto  19',   5, 705.54, '2019-01-11 23:38:17'),
( 20, 4,  4,  20,  3,  3, 'Nome do Preço de Produto  20',   5, 206.55, '2019-01-11 23:38:17'),
( 21, 5,  5,  21,  3,  3, 'Nome do Preço de Produto  21',   2, 492.19, '2019-01-11 23:38:17'),
( 22, 5,  5,  22,  3,  3, 'Nome do Preço de Produto  22',   3, 573.24, '2019-01-11 23:38:17'),
( 23, 5,  5,  23,  3,  3, 'Nome do Preço de Produto  23',   3, 206.93, '2019-01-11 23:38:17'),
( 24, 5,  5,  24,  3,  3, 'Nome do Preço de Produto  24',   3, 589.27, '2019-01-11 23:38:17'),
( 25, 5,  5,  25,  3,  3, 'Nome do Preço de Produto  25',  12,  96.25, '2019-01-11 23:38:17'),
( 26, 6,  6,  26,  3,  3, 'Nome do Preço de Produto  26',  13, 588.86, '2019-01-11 23:38:17'),
( 27, 6,  6,  27,  3,  3, 'Nome do Preço de Produto  27',  13,  16.19, '2019-01-11 23:38:17'),
( 28, 6,  6,  28,  4,  4, 'Nome do Preço de Produto  28',  12,  58.06, '2019-01-11 23:38:17'),
( 29, 6,  6,  29,  4,  4, 'Nome do Preço de Produto  29',  12, 390.80, '2019-01-11 23:38:17'),
( 30, 6,  6,  30,  4,  4, 'Nome do Preço de Produto  30',  12,  76.14, '2019-01-11 23:38:17'),
( 31, 7,  7,  31,  4,  4, 'Nome do Preço de Produto  31',  12, 866.61, '2019-01-11 23:38:17'),
( 32, 7,  7,  32,  4,  4, 'Nome do Preço de Produto  32',  12, 169.89, '2019-01-11 23:38:17'),
( 33, 7,  7,  33,  4,  4, 'Nome do Preço de Produto  33',  12, 474.67, '2019-01-11 23:38:17'),
( 34, 7,  7,  34,  4,  4, 'Nome do Preço de Produto  34',  13, 740.40, '2019-01-11 23:38:17'),
( 35, 7,  7,  35,  4,  4, 'Nome do Preço de Produto  35',  13, 471.95, '2019-01-11 23:38:17'),
( 36, 8,  8,  36,  4,  4, 'Nome do Preço de Produto  36',  12, 157.59, '2019-01-11 23:38:17'),
( 37, 8,  8,  37,  5,  5, 'Nome do Preço de Produto  37',  11, 663.87, '2019-01-11 23:38:17'),
( 38, 8,  8,  38,  5,  5, 'Nome do Preço de Produto  38',  11, 992.38, '2019-01-11 23:38:17'),
( 39, 8,  8,  39,  5,  5, 'Nome do Preço de Produto  39',  11, 657.20, '2019-01-11 23:38:17'),
( 40, 8,  8,  40,  5,  5, 'Nome do Preço de Produto  40',  10, 442.12, '2019-01-11 23:38:17'),
( 41, 9,  9,  41,  5,  5, 'Nome do Preço de Produto  41',   5, 611.95, '2019-01-11 23:38:17'),
( 42, 9,  9,  42,  5,  5, 'Nome do Preço de Produto  42',   5, 203.33, '2019-01-11 23:38:17'),
( 43, 9,  9,  43,  5,  5, 'Nome do Preço de Produto  43',   6, 771.98, '2019-01-11 23:38:17'),
( 44, 9,  9,  44,  5,  5, 'Nome do Preço de Produto  44',   6, 681.05, '2019-01-11 23:38:17'),
( 45, 9,  9,  45,  5,  5, 'Nome do Preço de Produto  45',   6, 405.09, '2019-01-11 23:38:17'),
( 46, 10, 10,  46,  6,  6, 'Nome do Preço de Produto  46',   6, 923.42, '2019-01-11 23:38:17'),
( 47, 10, 10,  47,  6,  6, 'Nome do Preço de Produto  47',   6, 827.31, '2019-01-11 23:38:17'),
( 48, 10, 10,  48,  6,  6, 'Nome do Preço de Produto  48',   6, 340.86, '2019-01-11 23:38:17'),
( 49, 10, 10,  49,  6,  6, 'Nome do Preço de Produto  49',  25, 430.42, '2019-01-11 23:38:17'),
( 50, 10, 10,  50,  6,  6, 'Nome do Preço de Produto  50',  25, 196.19, '2019-01-11 23:38:17'),
( 51, 11, 11,  51,  6,  6, 'Nome do Preço de Produto  51',  26, 452.63, '2019-01-11 23:38:17'),
( 52, 11, 11,  52,  6,  6, 'Nome do Preço de Produto  52',  27, 904.86, '2019-01-11 23:38:17'),
( 53, 11, 11,  53,  6,  6, 'Nome do Preço de Produto  53',  27, 636.00, '2019-01-11 23:38:17'),
( 54, 11, 11,  54,  6,  6, 'Nome do Preço de Produto  54',  27, 542.57, '2019-01-11 23:38:17'),
( 55, 11, 11,  55,  7,  7, 'Nome do Preço de Produto  55',  24, 536.50, '2019-01-11 23:38:17'),
( 56, 12, 12,  56,  7,  7, 'Nome do Preço de Produto  56',  25, 644.94, '2019-01-11 23:38:17'),
( 57, 12, 12,  57,  7,  7, 'Nome do Preço de Produto  57',  25, 144.97, '2019-01-11 23:38:17'),
( 58, 12, 12,  58,  7,  7, 'Nome do Preço de Produto  58',  24, 330.10, '2019-01-11 23:38:17'),
( 59, 12, 12,  59,  7,  7, 'Nome do Preço de Produto  59',  24, 411.23, '2019-01-11 23:38:17'),
( 60, 12, 12,  60,  7,  7, 'Nome do Preço de Produto  60',  24,  35.45, '2019-01-11 23:38:17'),
( 61, 13, 13,  61,  7,  7, 'Nome do Preço de Produto  61',  24, 820.92, '2019-01-11 23:38:17'),
( 62, 13, 13,  62,  7,  7, 'Nome do Preço de Produto  62',  24, 406.22, '2019-01-11 23:38:17'),
( 63, 13, 13,  63,  7,  7, 'Nome do Preço de Produto  63',  24, 956.95, '2019-01-11 23:38:17'),
( 64, 13, 13,  64,  8,  8, 'Nome do Preço de Produto  64',  25, 123.02, '2019-01-11 23:38:17'),
( 65, 13, 13,  65,  8,  8, 'Nome do Preço de Produto  65',  25, 550.43, '2019-01-11 23:38:17'),
( 66, 14, 14,  66,  8,  8, 'Nome do Preço de Produto  66',  24, 424.61, '2019-01-11 23:38:17'),
( 67, 14, 14,  67,  8,  8, 'Nome do Preço de Produto  67',  27,   7.84, '2019-01-11 23:38:17'),
( 68, 14, 14,  68,  8,  8, 'Nome do Preço de Produto  68',  27, 191.92, '2019-01-11 23:38:17'),
( 69, 14, 14,  69,  8,  8, 'Nome do Preço de Produto  69',  27,  35.18, '2019-01-11 23:38:17'),
( 70, 14, 14,  70,  8,  8, 'Nome do Preço de Produto  70',  26, 640.47, '2019-01-11 23:38:17'),
( 71, 15, 15,  71,  8,  8, 'Nome do Preço de Produto  71',  25, 807.91, '2019-01-11 23:38:17'),
( 72, 15, 15,  72,  8,  8, 'Nome do Preço de Produto  72',  25, 185.89, '2019-01-11 23:38:17'),
( 73, 15, 15,  73,  9,  9, 'Nome do Preço de Produto  73',  22, 794.89, '2019-01-11 23:38:17'),
( 74, 15, 15,  74,  9,  9, 'Nome do Preço de Produto  74',  22, 341.58, '2019-01-11 23:38:17'),
( 75, 15, 15,  75,  9,  9, 'Nome do Preço de Produto  75',  22, 828.26, '2019-01-11 23:38:17'),
( 76, 16, 16,  76,  9,  9, 'Nome do Preço de Produto  76',  22, 772.34, '2019-01-11 23:38:17'),
( 77, 16, 16,  77,  9,  9, 'Nome do Preço de Produto  77',  22, 737.66, '2019-01-11 23:38:17'),
( 78, 16, 16,  78,  9,  9, 'Nome do Preço de Produto  78',  22, 992.46, '2019-01-11 23:38:17'),
( 79, 16, 16,  79,  9,  9, 'Nome do Preço de Produto  79',  21, 725.50, '2019-01-11 23:38:17'),
( 80, 16, 16,  80,  9,  9, 'Nome do Preço de Produto  80',  21, 417.15, '2019-01-11 23:38:17'),
( 81, 17, 17,  81,  9,  9, 'Nome do Preço de Produto  81',  10,  96.57, '2019-01-11 23:38:17'),
( 82, 17, 17,  82, 10, 10, 'Nome do Preço de Produto  82',  11, 233.66, '2019-01-11 23:38:17'),
( 83, 17, 17,  83, 10, 10, 'Nome do Preço de Produto  83',  11, 178.28, '2019-01-11 23:38:17'),
( 84, 17, 17,  84, 10, 10, 'Nome do Preço de Produto  84',  11, 376.31, '2019-01-11 23:38:17'),
( 85, 17, 17,  85, 10, 10, 'Nome do Preço de Produto  85',  12, 570.61, '2019-01-11 23:38:17'),
( 86, 18, 18,  86, 10, 10, 'Nome do Preço de Produto  86',  13, 362.62, '2019-01-11 23:38:17'),
( 87, 18, 18,  87, 10, 10, 'Nome do Preço de Produto  87',  13, 996.21, '2019-01-11 23:38:17'),
( 88, 18, 18,  88, 10, 10, 'Nome do Preço de Produto  88',  12, 241.04, '2019-01-11 23:38:17'),
( 89, 18, 18,  89, 10, 10, 'Nome do Preço de Produto  89',  12, 900.79, '2019-01-11 23:38:17'),
( 90, 18, 18,  90, 10, 10, 'Nome do Preço de Produto  90',  12, 395.00, '2019-01-11 23:38:17'),
( 91, 19, 19,  91, 11, 11, 'Nome do Preço de Produto  91',  12,  99.50, '2019-01-11 23:38:17'),
( 92, 19, 19,  92, 11, 11, 'Nome do Preço de Produto  92',  12,  64.81, '2019-01-11 23:38:17'),
( 93, 19, 19,  93, 11, 11, 'Nome do Preço de Produto  93',  12, 876.15, '2019-01-11 23:38:17'),
( 94, 19, 19,  94, 11, 11, 'Nome do Preço de Produto  94',  13, 194.37, '2019-01-11 23:38:17'),
( 95, 19, 19,  95, 11, 11, 'Nome do Preço de Produto  95',  13, 462.70, '2019-01-11 23:38:17'),
( 96, 20, 20,  96, 11, 11, 'Nome do Preço de Produto  96',  12, 572.77, '2019-01-11 23:38:17'),
( 97, 20, 20,  97, 11, 11, 'Nome do Preço de Produto  97',  51, 301.40, '2019-01-11 23:38:17'),
( 98, 20, 20,  98, 11, 11, 'Nome do Preço de Produto  98',  51, 367.02, '2019-01-11 23:38:17'),
( 99, 20, 20,  99, 11, 11, 'Nome do Preço de Produto  99',  51, 425.02, '2019-01-11 23:38:17'),
(100, 20, 20, 100, 12, 12, 'Nome do Preço de Produto 100',  50, 965.90, '2019-01-11 23:38:17'),
(101, 21, 21, 101, 12, 12, 'Nome do Preço de Produto 101',  53, 360.52, '2019-01-11 23:38:17'),
(102, 21, 21, 102, 12, 12, 'Nome do Preço de Produto 102',  53, 842.60, '2019-01-11 23:38:17'),
(103, 21, 21, 103, 12, 12, 'Nome do Preço de Produto 103',  54, 830.12, '2019-01-11 23:38:17'),
(104, 21, 21, 104, 12, 12, 'Nome do Preço de Produto 104',  54,  27.04, '2019-01-11 23:38:17'),
(105, 21, 21, 105, 12, 12, 'Nome do Preço de Produto 105',  54, 216.55, '2019-01-11 23:38:17'),
(106, 22, 22, 106, 12, 12, 'Nome do Preço de Produto 106',  54, 643.37, '2019-01-11 23:38:17'),
(107, 22, 22, 107, 12, 12, 'Nome do Preço de Produto 107',  54, 959.55, '2019-01-11 23:38:17'),
(108, 22, 22, 108, 12, 12, 'Nome do Preço de Produto 108',  54, 629.81, '2019-01-11 23:38:17'),
(109, 22, 22, 109, 13, 13, 'Nome do Preço de Produto 109',  49, 662.93, '2019-01-11 23:38:17'),
(110, 22, 22, 110, 13, 13, 'Nome do Preço de Produto 110',  49, 478.10, '2019-01-11 23:38:17'),
(111, 23, 23, 111, 13, 13, 'Nome do Preço de Produto 111',  50,  52.23, '2019-01-11 23:38:17'),
(112, 23, 23, 112, 13, 13, 'Nome do Preço de Produto 112',  51, 531.67, '2019-01-11 23:38:17'),
(113, 23, 23, 113, 13, 13, 'Nome do Preço de Produto 113',  51, 431.82, '2019-01-11 23:38:17'),
(114, 23, 23, 114, 13, 13, 'Nome do Preço de Produto 114',  51, 670.28, '2019-01-11 23:38:17'),
(115, 23, 23, 115, 13, 13, 'Nome do Preço de Produto 115',  48, 270.98, '2019-01-11 23:38:17'),
(116, 24, 24, 116, 13, 13, 'Nome do Preço de Produto 116',  49, 522.41, '2019-01-11 23:38:17'),
(117, 24, 24, 117, 13, 13, 'Nome do Preço de Produto 117',  49, 400.37, '2019-01-11 23:38:17'),
(118, 24, 24, 118, 14, 14, 'Nome do Preço de Produto 118',  48, 384.61, '2019-01-11 23:38:17'),
(119, 24, 24, 119, 14, 14, 'Nome do Preço de Produto 119',  48, 349.29, '2019-01-11 23:38:17'),
(120, 24, 24, 120, 14, 14, 'Nome do Preço de Produto 120',  48, 891.79, '2019-01-11 23:38:17'),
(121, 25, 25, 121, 14, 14, 'Nome do Preço de Produto 121',  48, 938.96, '2019-01-11 23:38:17'),
(122, 25, 25, 122, 14, 14, 'Nome do Preço de Produto 122',  48, 277.28, '2019-01-11 23:38:17'),
(123, 25, 25, 123, 14, 14, 'Nome do Preço de Produto 123',  48,  17.80, '2019-01-11 23:38:17'),
(124, 25, 25, 124, 14, 14, 'Nome do Preço de Produto 124',  49, 765.90, '2019-01-11 23:38:17'),
(125, 25, 25, 125, 14, 14, 'Nome do Preço de Produto 125',  49, 871.76, '2019-01-11 23:38:17'),
(126, 26, 26, 126, 14, 14, 'Nome do Preço de Produto 126',  48, 761.42, '2019-01-11 23:38:17'),
(127, 26, 26, 127, 15, 15, 'Nome do Preço de Produto 127',  51, 130.39, '2019-01-11 23:38:17'),
(128, 26, 26, 128, 15, 15, 'Nome do Preço de Produto 128',  51,  54.82, '2019-01-11 23:38:17'),
(129, 26, 26, 129, 15, 15, 'Nome do Preço de Produto 129',  51, 362.00, '2019-01-11 23:38:17'),
(130, 26, 26, 130, 15, 15, 'Nome do Preço de Produto 130',  50, 715.39, '2019-01-11 23:38:17'),
(131, 27, 27, 131, 15, 15, 'Nome do Preço de Produto 131',  49, 127.05, '2019-01-11 23:38:17'),
(132, 27, 27, 132, 15, 15, 'Nome do Preço de Produto 132',  49, 317.95, '2019-01-11 23:38:17'),
(133, 27, 27, 133, 15, 15, 'Nome do Preço de Produto 133',  54, 938.77, '2019-01-11 23:38:17'),
(134, 27, 27, 134, 15, 15, 'Nome do Preço de Produto 134',  54, 856.37, '2019-01-11 23:38:17'),
(135, 27, 27, 135, 15, 15, 'Nome do Preço de Produto 135',  54, 274.33, '2019-01-11 23:38:17'),
(136, 28, 28, 136, 16, 16, 'Nome do Preço de Produto 136',  54, 614.02, '2019-01-11 23:38:17'),
(137, 28, 28, 137, 16, 16, 'Nome do Preço de Produto 137',  54, 415.92, '2019-01-11 23:38:17'),
(138, 28, 28, 138, 16, 16, 'Nome do Preço de Produto 138',  54, 825.08, '2019-01-11 23:38:17'),
(139, 28, 28, 139, 16, 16, 'Nome do Preço de Produto 139',  53, 708.66, '2019-01-11 23:38:17'),
(140, 28, 28, 140, 16, 16, 'Nome do Preço de Produto 140',  53, 990.50, '2019-01-11 23:38:17'),
(141, 29, 29, 141, 16, 16, 'Nome do Preço de Produto 141',  50, 387.27, '2019-01-11 23:38:17'),
(142, 29, 29, 142, 16, 16, 'Nome do Preço de Produto 142',  51, 489.08, '2019-01-11 23:38:17'),
(143, 29, 29, 143, 16, 16, 'Nome do Preço de Produto 143',  51, 275.86, '2019-01-11 23:38:17'),
(144, 29, 29, 144, 16, 16, 'Nome do Preço de Produto 144',  51, 518.83, '2019-01-11 23:38:17'),
(145, 29, 29, 145, 17, 17, 'Nome do Preço de Produto 145',  44, 405.96, '2019-01-11 23:38:17'),
(146, 30, 30, 146, 17, 17, 'Nome do Preço de Produto 146',  45, 982.81, '2019-01-11 23:38:17'),
(147, 30, 30, 147, 17, 17, 'Nome do Preço de Produto 147',  45,  70.61, '2019-01-11 23:38:17'),
(148, 30, 30, 148, 17, 17, 'Nome do Preço de Produto 148',  44, 933.73, '2019-01-11 23:38:17'),
(149, 30, 30, 149, 17, 17, 'Nome do Preço de Produto 149',  44,   1.22, '2019-01-11 23:38:17'),
(150, 30, 30, 150, 17, 17, 'Nome do Preço de Produto 150',  44, 538.24, '2019-01-11 23:38:17'),
(151, 31, 31, 151, 17, 17, 'Nome do Preço de Produto 151',  44, 851.28, '2019-01-11 23:38:17'),
(152, 31, 31, 152, 17, 17, 'Nome do Preço de Produto 152',  44, 643.71, '2019-01-11 23:38:17'),
(153, 31, 31, 153, 17, 17, 'Nome do Preço de Produto 153',  44, 387.50, '2019-01-11 23:38:17'),
(154, 31, 31, 154, 18, 18, 'Nome do Preço de Produto 154',  45,  13.55, '2019-01-11 23:38:17'),
(155, 31, 31, 155, 18, 18, 'Nome do Preço de Produto 155',  45, 693.55, '2019-01-11 23:38:17'),
(156, 32, 32, 156, 18, 18, 'Nome do Preço de Produto 156',  44, 559.94, '2019-01-11 23:38:17'),
(157, 32, 32, 157, 18, 18, 'Nome do Preço de Produto 157',  43, 600.78, '2019-01-11 23:38:17'),
(158, 32, 32, 158, 18, 18, 'Nome do Preço de Produto 158',  43, 821.93, '2019-01-11 23:38:17'),
(159, 32, 32, 159, 18, 18, 'Nome do Preço de Produto 159',  43, 579.24, '2019-01-11 23:38:17'),
(160, 32, 32, 160, 18, 18, 'Nome do Preço de Produto 160',  42,  74.71, '2019-01-11 23:38:17'),
(161, 33, 33, 161, 18, 18, 'Nome do Preço de Produto 161',  21, 331.57, '2019-01-11 23:38:17'),
(162, 33, 33, 162, 18, 18, 'Nome do Preço de Produto 162',  21, 506.06, '2019-01-11 23:38:17'),
(163, 33, 33, 163, 19, 19, 'Nome do Preço de Produto 163',  22, 507.00, '2019-01-11 23:38:17'),
(164, 33, 33, 164, 19, 19, 'Nome do Preço de Produto 164',  22, 772.15, '2019-01-11 23:38:17'),
(165, 33, 33, 165, 19, 19, 'Nome do Preço de Produto 165',  22, 688.41, '2019-01-11 23:38:17'),
(166, 34, 34, 166, 19, 19, 'Nome do Preço de Produto 166',  22, 728.63, '2019-01-11 23:38:17'),
(167, 34, 34, 167, 19, 19, 'Nome do Preço de Produto 167',  22, 359.54, '2019-01-11 23:38:17'),
(168, 34, 34, 168, 19, 19, 'Nome do Preço de Produto 168',  22, 430.48, '2019-01-11 23:38:17'),
(169, 34, 34, 169, 19, 19, 'Nome do Preço de Produto 169',  25, 227.11, '2019-01-11 23:38:17'),
(170, 34, 34, 170, 19, 19, 'Nome do Preço de Produto 170',  25, 466.31, '2019-01-11 23:38:17'),
(171, 35, 35, 171, 19, 19, 'Nome do Preço de Produto 171',  26, 853.13, '2019-01-11 23:38:17'),
(172, 35, 35, 172, 20, 20, 'Nome do Preço de Produto 172',  27, 878.98, '2019-01-11 23:38:17'),
(173, 35, 35, 173, 20, 20, 'Nome do Preço de Produto 173',  27, 977.62, '2019-01-11 23:38:17'),
(174, 35, 35, 174, 20, 20, 'Nome do Preço de Produto 174',  27, 131.92, '2019-01-11 23:38:17'),
(175, 35, 35, 175, 20, 20, 'Nome do Preço de Produto 175',  24, 922.34, '2019-01-11 23:38:17'),
(176, 36, 36, 176, 20, 20, 'Nome do Preço de Produto 176',  25, 970.06, '2019-01-11 23:38:17'),
(177, 36, 36, 177, 20, 20, 'Nome do Preço de Produto 177',  25,  56.96, '2019-01-11 23:38:17'),
(178, 36, 36, 178, 20, 20, 'Nome do Preço de Produto 178',  24, 413.05, '2019-01-11 23:38:17'),
(179, 36, 36, 179, 20, 20, 'Nome do Preço de Produto 179',  24, 614.25, '2019-01-11 23:38:17'),
(180, 36, 36, 180, 20, 20, 'Nome do Preço de Produto 180',  24, 899.74, '2019-01-11 23:38:17'),
(181, 37, 37, 181, 21, 21, 'Nome do Preço de Produto 181',  24, 194.42, '2019-01-11 23:38:17'),
(182, 37, 37, 182, 21, 21, 'Nome do Preço de Produto 182',  24, 674.72, '2019-01-11 23:38:17'),
(183, 37, 37, 183, 21, 21, 'Nome do Preço de Produto 183',  24, 384.87, '2019-01-11 23:38:17'),
(184, 37, 37, 184, 21, 21, 'Nome do Preço de Produto 184',  25,  84.91, '2019-01-11 23:38:17'),
(185, 37, 37, 185, 21, 21, 'Nome do Preço de Produto 185',  25, 708.54, '2019-01-11 23:38:17'),
(186, 38, 38, 186, 21, 21, 'Nome do Preço de Produto 186',  24, 819.52, '2019-01-11 23:38:17'),
(187, 38, 38, 187, 21, 21, 'Nome do Preço de Produto 187',  27,  16.54, '2019-01-11 23:38:17'),
(188, 38, 38, 188, 21, 21, 'Nome do Preço de Produto 188',  27, 632.31, '2019-01-11 23:38:17'),
(189, 38, 38, 189, 21, 21, 'Nome do Preço de Produto 189',  27, 160.22, '2019-01-11 23:38:17'),
(190, 38, 38, 190, 22, 22, 'Nome do Preço de Produto 190',  26,  66.80, '2019-01-11 23:38:17'),
(191, 39, 39, 191, 22, 22, 'Nome do Preço de Produto 191',  25, 313.53, '2019-01-11 23:38:17'),
(192, 39, 39, 192, 22, 22, 'Nome do Preço de Produto 192',  25, 641.77, '2019-01-11 23:38:17'),
(193, 39, 39, 193, 22, 22, 'Nome do Preço de Produto 193', 102, 582.50, '2019-01-11 23:38:17'),
(194, 39, 39, 194, 22, 22, 'Nome do Preço de Produto 194', 102, 582.62, '2019-01-11 23:38:17'),
(195, 39, 39, 195, 22, 22, 'Nome do Preço de Produto 195', 102, 816.67, '2019-01-11 23:38:17'),
(196, 40, 40, 196, 22, 22, 'Nome do Preço de Produto 196', 102, 962.58, '2019-01-11 23:38:17'),
(197, 40, 40, 197, 22, 22, 'Nome do Preço de Produto 197', 102, 718.51, '2019-01-11 23:38:17'),
(198, 40, 40, 198, 22, 22, 'Nome do Preço de Produto 198', 102, 396.52, '2019-01-11 23:38:17'),
(199, 40, 40, 199, 23, 23, 'Nome do Preço de Produto 199', 101, 905.19, '2019-01-11 23:38:17'),
(200, 40, 40, 200, 23, 23, 'Nome do Preço de Produto 200', 101, 596.74, '2019-01-11 23:38:17');
